Product Id;Product Handle;Product Title;Product Subtitle;Product Description;Product Status;Product Thumbnail;Product Weight;Product Length;Product Width;Product Height;Product HS Code;Product Origin Country;Product MID Code;Product Material;Product Collection Title;Product Collection Handle;Product Type;Product Tags;Product Discountable;Product External Id;Product Profile Name;Product Profile Type;Variant Id;Variant Title;Variant SKU;Variant Barcode;Variant Inventory Quantity;Variant Allow Backorder;Variant Manage Inventory;Variant Weight;Variant Length;Variant Width;Variant Height;Variant HS Code;Variant Origin Country;Variant MID Code;Variant Material;Price USD;Price EUR;Option 1 Name;Option 1 Value;Option 2 Name;Option 2 Value;Image 1 Url;Image 2 Url;Image 3 Url;Image 4 Url;Sales Channel 1 Id;Sales Channel 1 Name;Sales Channel 1 Description;Sales Channel 2 Id;Sales Channel 2 Name;Sales Channel 2 Description;Sales Channel 3 Id;Sales Channel 3 Name;Sales Channel 3 Description;Product Category 1 Handle;Product Category 1 Name;Product Category 1 Description;Product Category 2 Handle;Product Category 2 Name;Product Category 2 Description
prod_01HHY5BAG8AAKWY8B4MTK6CQG2;rahul_coffee-mug;Rahul Coffee Mug2;string;Every programmer's best friend.;published;https://medusa-public-images.s3.eu-west-1.amazonaws.com/tee-black-front.png;400;;;;;;;;Merch;merch;;;true;;Default Shipping Profile;default;variant_01HHY8AYWQYQJYFSJN8E0G5PVF;S / Black;;;113;false;true;;;;;;;;;11;11;Color;S;Size;Black;http://localhost:9000/uploads/1702896868247-Screenshot from 2023-09-23 21-25-48.png;;;;Default Sales Channel;Default Sales Channel;Created by Medusa;;;;;;;;;;;;
prod_01HHY5BAG8AAKWY8B4MTK6CQG2;rahul_coffee-mug;Rahul Coffee Mug2;string;Every programmer's best friend.;published;https://medusa-public-images.s3.eu-west-1.amazonaws.com/tee-black-front.png;400;;;;;;;;Merch;merch;;;true;;Default Shipping Profile;default;variant_01HHY8BME660XW1SM5K4C1DP5Q;S / White;;;100;false;true;;;;;;;;;11;11;Color;White;Size;S;http://localhost:9000/uploads/1702896868247-Screenshot from 2023-09-23 21-25-48.png;;;;Default Sales Channel;Default Sales Channel;Created by Medusa;;;;;;;;;;;;
prod_01HG63TBEER4GMHRWVZXXS7S33;medusa-t-shirt;Medusa T-Shirt;;"Reimagine the feeling of a classic T-shirt. With our cotton T-shirts, everyday essentials no longer have to be ordinary.";published;https://medusa-public-images.s3.eu-west-1.amazonaws.com/tee-black-front.png;400;;;;;;;;Merch;merch;;;true;;Default Shipping Profile;default;variant_01HG63TBF997FT7XD5T493EAAJ;S / Black;;;62;false;true;;;;;;;;;22;22;Size;Black;Color;S;https://medusa-public-images.s3.eu-west-1.amazonaws.com/tee-black-front.png;https://medusa-public-images.s3.eu-west-1.amazonaws.com/tee-black-back.png;https://medusa-public-images.s3.eu-west-1.amazonaws.com/tee-white-front.png;https://medusa-public-images.s3.eu-west-1.amazonaws.com/tee-white-back.png;Default Sales Channel;Default Sales Channel;Created by Medusa;Default Sales Channel;Default Sales Channel;Created by Medusa;Default Sales Channel;Default Sales Channel;Created by Medusa;;;;;;
prod_01HG63TBEER4GMHRWVZXXS7S33;medusa-t-shirt;Medusa T-Shirt;;"Reimagine the feeling of a classic T-shirt. With our cotton T-shirts, everyday essentials no longer have to be ordinary.";published;https://medusa-public-images.s3.eu-west-1.amazonaws.com/tee-black-front.png;400;;;;;;;;Merch;merch;;;true;;Default Shipping Profile;default;variant_01HG63TBFBMMG4X86GKYVFBVKY;S / White;;;100;false;true;;;;;;;;;22;22;Size;White;Color;S;https://medusa-public-images.s3.eu-west-1.amazonaws.com/tee-black-front.png;https://medusa-public-images.s3.eu-west-1.amazonaws.com/tee-black-back.png;https://medusa-public-images.s3.eu-west-1.amazonaws.com/tee-white-front.png;https://medusa-public-images.s3.eu-west-1.amazonaws.com/tee-white-back.png;Default Sales Channel;Default Sales Channel;Created by Medusa;Default Sales Channel;Default Sales Channel;Created by Medusa;Default Sales Channel;Default Sales Channel;Created by Medusa;;;;;;
prod_01HG63TBEER4GMHRWVZXXS7S33;medusa-t-shirt;Medusa T-Shirt;;"Reimagine the feeling of a classic T-shirt. With our cotton T-shirts, everyday essentials no longer have to be ordinary.";published;https://medusa-public-images.s3.eu-west-1.amazonaws.com/tee-black-front.png;400;;;;;;;;Merch;merch;;;true;;Default Shipping Profile;default;variant_01HG63TBFCDCKPG4TWRBX88XG3;M / Black;;;97;false;true;;;;;;;;;22;22;Size;Black;Color;M;https://medusa-public-images.s3.eu-west-1.amazonaws.com/tee-black-front.png;https://medusa-public-images.s3.eu-west-1.amazonaws.com/tee-black-back.png;https://medusa-public-images.s3.eu-west-1.amazonaws.com/tee-white-front.png;https://medusa-public-images.s3.eu-west-1.amazonaws.com/tee-white-back.png;Default Sales Channel;Default Sales Channel;Created by Medusa;Default Sales Channel;Default Sales Channel;Created by Medusa;Default Sales Channel;Default Sales Channel;Created by Medusa;;;;;;
prod_01HG63TBEER4GMHRWVZXXS7S33;medusa-t-shirt;Medusa T-Shirt;;"Reimagine the feeling of a classic T-shirt. With our cotton T-shirts, everyday essentials no longer have to be ordinary.";published;https://medusa-public-images.s3.eu-west-1.amazonaws.com/tee-black-front.png;400;;;;;;;;Merch;merch;;;true;;Default Shipping Profile;default;variant_01HG63TBFDYZ3740T49QY3Y5KR;M / White;;;99;false;true;;;;;;;;;22;22;Size;M;Color;White;https://medusa-public-images.s3.eu-west-1.amazonaws.com/tee-black-front.png;https://medusa-public-images.s3.eu-west-1.amazonaws.com/tee-black-back.png;https://medusa-public-images.s3.eu-west-1.amazonaws.com/tee-white-front.png;https://medusa-public-images.s3.eu-west-1.amazonaws.com/tee-white-back.png;Default Sales Channel;Default Sales Channel;Created by Medusa;Default Sales Channel;Default Sales Channel;Created by Medusa;Default Sales Channel;Default Sales Channel;Created by Medusa;;;;;;
prod_01HG63TBEER4GMHRWVZXXS7S33;medusa-t-shirt;Medusa T-Shirt;;"Reimagine the feeling of a classic T-shirt. With our cotton T-shirts, everyday essentials no longer have to be ordinary.";published;https://medusa-public-images.s3.eu-west-1.amazonaws.com/tee-black-front.png;400;;;;;;;;Merch;merch;;;true;;Default Shipping Profile;default;variant_01HG63TBFDZCJTS4GH2E0AFK7J;L / Black;;;98;false;true;;;;;;;;;22;22;Size;L;Color;Black;https://medusa-public-images.s3.eu-west-1.amazonaws.com/tee-black-front.png;https://medusa-public-images.s3.eu-west-1.amazonaws.com/tee-black-back.png;https://medusa-public-images.s3.eu-west-1.amazonaws.com/tee-white-front.png;https://medusa-public-images.s3.eu-west-1.amazonaws.com/tee-white-back.png;Default Sales Channel;Default Sales Channel;Created by Medusa;Default Sales Channel;Default Sales Channel;Created by Medusa;Default Sales Channel;Default Sales Channel;Created by Medusa;;;;;;
prod_01HG63TBEER4GMHRWVZXXS7S33;medusa-t-shirt;Medusa T-Shirt;;"Reimagine the feeling of a classic T-shirt. With our cotton T-shirts, everyday essentials no longer have to be ordinary.";published;https://medusa-public-images.s3.eu-west-1.amazonaws.com/tee-black-front.png;400;;;;;;;;Merch;merch;;;true;;Default Shipping Profile;default;variant_01HG63TBFEY39A4CYYZ1ZYWPGJ;L / White;;;92;false;true;;;;;;;;;22;22;Size;L;Color;White;https://medusa-public-images.s3.eu-west-1.amazonaws.com/tee-black-front.png;https://medusa-public-images.s3.eu-west-1.amazonaws.com/tee-black-back.png;https://medusa-public-images.s3.eu-west-1.amazonaws.com/tee-white-front.png;https://medusa-public-images.s3.eu-west-1.amazonaws.com/tee-white-back.png;Default Sales Channel;Default Sales Channel;Created by Medusa;Default Sales Channel;Default Sales Channel;Created by Medusa;Default Sales Channel;Default Sales Channel;Created by Medusa;;;;;;
prod_01HG63TBEER4GMHRWVZXXS7S33;medusa-t-shirt;Medusa T-Shirt;;"Reimagine the feeling of a classic T-shirt. With our cotton T-shirts, everyday essentials no longer have to be ordinary.";published;https://medusa-public-images.s3.eu-west-1.amazonaws.com/tee-black-front.png;400;;;;;;;;Merch;merch;;;true;;Default Shipping Profile;default;variant_01HG63TBFEKT7QDX09SNM3Y9VS;XL / Black;;;100;false;true;;;;;;;;;22;22;Size;XL;Color;Black;https://medusa-public-images.s3.eu-west-1.amazonaws.com/tee-black-front.png;https://medusa-public-images.s3.eu-west-1.amazonaws.com/tee-black-back.png;https://medusa-public-images.s3.eu-west-1.amazonaws.com/tee-white-front.png;https://medusa-public-images.s3.eu-west-1.amazonaws.com/tee-white-back.png;Default Sales Channel;Default Sales Channel;Created by Medusa;Default Sales Channel;Default Sales Channel;Created by Medusa;Default Sales Channel;Default Sales Channel;Created by Medusa;;;;;;
prod_01HG63TBEER4GMHRWVZXXS7S33;medusa-t-shirt;Medusa T-Shirt;;"Reimagine the feeling of a classic T-shirt. With our cotton T-shirts, everyday essentials no longer have to be ordinary.";published;https://medusa-public-images.s3.eu-west-1.amazonaws.com/tee-black-front.png;400;;;;;;;;Merch;merch;;;true;;Default Shipping Profile;default;variant_01HG63TBFFXPEQX1SZA5XXT3D2;XL / White;;;100;false;true;;;;;;;;;22;22;Size;White;Color;XL;https://medusa-public-images.s3.eu-west-1.amazonaws.com/tee-black-front.png;https://medusa-public-images.s3.eu-west-1.amazonaws.com/tee-black-back.png;https://medusa-public-images.s3.eu-west-1.amazonaws.com/tee-white-front.png;https://medusa-public-images.s3.eu-west-1.amazonaws.com/tee-white-back.png;Default Sales Channel;Default Sales Channel;Created by Medusa;Default Sales Channel;Default Sales Channel;Created by Medusa;Default Sales Channel;Default Sales Channel;Created by Medusa;;;;;;
prod_01HG614SW9H3N9E8FHJP4SQVD3;sweatpants;Medusa Sweatpants;;"Reimagine the feeling of classic sweatpants. With our cotton sweatpants, everyday essentials no longer have to be ordinary.";published;https://medusa-public-images.s3.eu-west-1.amazonaws.com/sweatpants-gray-front.png;400;;;;;;;;;;;;true;;Default Shipping Profile;default;variant_01HG614SWKZSAY2P4B881VYT8X;S;;;67;false;true;;;;;;;;;33.5;29.5;Size;S;;;https://medusa-public-images.s3.eu-west-1.amazonaws.com/sweatpants-gray-front.png;https://medusa-public-images.s3.eu-west-1.amazonaws.com/sweatpants-gray-back.png;;;Default Sales Channel;Default Sales Channel;Created by Medusa;Default Sales Channel;Default Sales Channel;Created by Medusa;Default Sales Channel;Default Sales Channel;Created by Medusa;pants;Pants;;;;
prod_01HG614SW9H3N9E8FHJP4SQVD3;sweatpants;Medusa Sweatpants;;"Reimagine the feeling of classic sweatpants. With our cotton sweatpants, everyday essentials no longer have to be ordinary.";published;https://medusa-public-images.s3.eu-west-1.amazonaws.com/sweatpants-gray-front.png;400;;;;;;;;;;;;true;;Default Shipping Profile;default;variant_01HG614SWYGG25GFB0NXYFPJ7K;M;;;99;false;true;;;;;;;;;33.5;29.5;Size;M;;;https://medusa-public-images.s3.eu-west-1.amazonaws.com/sweatpants-gray-front.png;https://medusa-public-images.s3.eu-west-1.amazonaws.com/sweatpants-gray-back.png;;;Default Sales Channel;Default Sales Channel;Created by Medusa;Default Sales Channel;Default Sales Channel;Created by Medusa;Default Sales Channel;Default Sales Channel;Created by Medusa;pants;Pants;;;;
prod_01HG614SW9H3N9E8FHJP4SQVD3;sweatpants;Medusa Sweatpants;;"Reimagine the feeling of classic sweatpants. With our cotton sweatpants, everyday essentials no longer have to be ordinary.";published;https://medusa-public-images.s3.eu-west-1.amazonaws.com/sweatpants-gray-front.png;400;;;;;;;;;;;;true;;Default Shipping Profile;default;variant_01HG614SX8A3VKR6BXRQDWXP9Q;L;;;100;false;true;;;;;;;;;33.5;29.5;Size;L;;;https://medusa-public-images.s3.eu-west-1.amazonaws.com/sweatpants-gray-front.png;https://medusa-public-images.s3.eu-west-1.amazonaws.com/sweatpants-gray-back.png;;;Default Sales Channel;Default Sales Channel;Created by Medusa;Default Sales Channel;Default Sales Channel;Created by Medusa;Default Sales Channel;Default Sales Channel;Created by Medusa;pants;Pants;;;;
prod_01HG614SW9H3N9E8FHJP4SQVD3;sweatpants;Medusa Sweatpants;;"Reimagine the feeling of classic sweatpants. With our cotton sweatpants, everyday essentials no longer have to be ordinary.";published;https://medusa-public-images.s3.eu-west-1.amazonaws.com/sweatpants-gray-front.png;400;;;;;;;;;;;;true;;Default Shipping Profile;default;variant_01HG614SXH0FYGEG8HBPKEE7SF;XL;;;100;false;true;;;;;;;;;33.5;29.5;Size;XL;;;https://medusa-public-images.s3.eu-west-1.amazonaws.com/sweatpants-gray-front.png;https://medusa-public-images.s3.eu-west-1.amazonaws.com/sweatpants-gray-back.png;;;Default Sales Channel;Default Sales Channel;Created by Medusa;Default Sales Channel;Default Sales Channel;Created by Medusa;Default Sales Channel;Default Sales Channel;Created by Medusa;pants;Pants;;;;
prod_01HG614SXVAW0YFWPXJM4JVNM2;shorts;Medusa Shorts;;"Reimagine the feeling of classic shorts. With our cotton shorts, everyday essentials no longer have to be ordinary.";published;https://medusa-public-images.s3.eu-west-1.amazonaws.com/shorts-vintage-front.png;400;;;;;;;;;;;;true;;Default Shipping Profile;default;variant_01HG614SY93MCDJDJ3TQ582D51;S;;;99;false;true;;;;;;;;;28.5;25;Size;S;;;https://medusa-public-images.s3.eu-west-1.amazonaws.com/shorts-vintage-front.png;https://medusa-public-images.s3.eu-west-1.amazonaws.com/shorts-vintage-back.png;;;Default Sales Channel;Default Sales Channel;Created by Medusa;Default Sales Channel;Default Sales Channel;Created by Medusa;Default Sales Channel;Default Sales Channel;Created by Medusa;merch;Merch;;;;
prod_01HG614SXVAW0YFWPXJM4JVNM2;shorts;Medusa Shorts;;"Reimagine the feeling of classic shorts. With our cotton shorts, everyday essentials no longer have to be ordinary.";published;https://medusa-public-images.s3.eu-west-1.amazonaws.com/shorts-vintage-front.png;400;;;;;;;;;;;;true;;Default Shipping Profile;default;variant_01HG614SYQ3452JSCHZGZBJ5NC;M;;;100;false;true;;;;;;;;;28.5;25;Size;M;;;https://medusa-public-images.s3.eu-west-1.amazonaws.com/shorts-vintage-front.png;https://medusa-public-images.s3.eu-west-1.amazonaws.com/shorts-vintage-back.png;;;Default Sales Channel;Default Sales Channel;Created by Medusa;Default Sales Channel;Default Sales Channel;Created by Medusa;Default Sales Channel;Default Sales Channel;Created by Medusa;merch;Merch;;;;
prod_01HG614SXVAW0YFWPXJM4JVNM2;shorts;Medusa Shorts;;"Reimagine the feeling of classic shorts. With our cotton shorts, everyday essentials no longer have to be ordinary.";published;https://medusa-public-images.s3.eu-west-1.amazonaws.com/shorts-vintage-front.png;400;;;;;;;;;;;;true;;Default Shipping Profile;default;variant_01HG614SZ08FCG6K7X2M561FGB;L;;;100;false;true;;;;;;;;;28.5;25;Size;L;;;https://medusa-public-images.s3.eu-west-1.amazonaws.com/shorts-vintage-front.png;https://medusa-public-images.s3.eu-west-1.amazonaws.com/shorts-vintage-back.png;;;Default Sales Channel;Default Sales Channel;Created by Medusa;Default Sales Channel;Default Sales Channel;Created by Medusa;Default Sales Channel;Default Sales Channel;Created by Medusa;merch;Merch;;;;
prod_01HG614SXVAW0YFWPXJM4JVNM2;shorts;Medusa Shorts;;"Reimagine the feeling of classic shorts. With our cotton shorts, everyday essentials no longer have to be ordinary.";published;https://medusa-public-images.s3.eu-west-1.amazonaws.com/shorts-vintage-front.png;400;;;;;;;;;;;;true;;Default Shipping Profile;default;variant_01HG614SZ9GHRGJKZA0G1VKF6Q;XL;;;100;false;true;;;;;;;;;28.5;25;Size;XL;;;https://medusa-public-images.s3.eu-west-1.amazonaws.com/shorts-vintage-front.png;https://medusa-public-images.s3.eu-west-1.amazonaws.com/shorts-vintage-back.png;;;Default Sales Channel;Default Sales Channel;Created by Medusa;Default Sales Channel;Default Sales Channel;Created by Medusa;Default Sales Channel;Default Sales Channel;Created by Medusa;merch;Merch;;;;
prod_01HG614SZJB0D7P7TN578YNDE7;hoodie;Medusa Hoodie;;"Reimagine the feeling of a classic hoodie. With our cotton hoodie, everyday essentials no longer have to be ordinary.";published;https://medusa-public-images.s3.eu-west-1.amazonaws.com/black_hoodie_front.png;400;;;;;;;;;;;;true;;Default Shipping Profile;default;variant_01HG614SZW77PEBNDRCB7P0S4Z;S;;;100;false;true;;;;;;;;;41.5;36.5;Size;S;;;https://medusa-public-images.s3.eu-west-1.amazonaws.com/black_hoodie_front.png;https://medusa-public-images.s3.eu-west-1.amazonaws.com/black_hoodie_back.png;;;Default Sales Channel;Default Sales Channel;Created by Medusa;Default Sales Channel;Default Sales Channel;Created by Medusa;Default Sales Channel;Default Sales Channel;Created by Medusa;merch;Merch;;hidden-homepage-featured-items;Hidden homepage featured;
prod_01HG614SZJB0D7P7TN578YNDE7;hoodie;Medusa Hoodie;;"Reimagine the feeling of a classic hoodie. With our cotton hoodie, everyday essentials no longer have to be ordinary.";published;https://medusa-public-images.s3.eu-west-1.amazonaws.com/black_hoodie_front.png;400;;;;;;;;;;;;true;;Default Shipping Profile;default;variant_01HG614T05PFG60MJQ927X76PW;M;;;100;false;true;;;;;;;;;41.5;36.5;Size;M;;;https://medusa-public-images.s3.eu-west-1.amazonaws.com/black_hoodie_front.png;https://medusa-public-images.s3.eu-west-1.amazonaws.com/black_hoodie_back.png;;;Default Sales Channel;Default Sales Channel;Created by Medusa;Default Sales Channel;Default Sales Channel;Created by Medusa;Default Sales Channel;Default Sales Channel;Created by Medusa;merch;Merch;;hidden-homepage-featured-items;Hidden homepage featured;
prod_01HG614SZJB0D7P7TN578YNDE7;hoodie;Medusa Hoodie;;"Reimagine the feeling of a classic hoodie. With our cotton hoodie, everyday essentials no longer have to be ordinary.";published;https://medusa-public-images.s3.eu-west-1.amazonaws.com/black_hoodie_front.png;400;;;;;;;;;;;;true;;Default Shipping Profile;default;variant_01HG614T0D46Y3HWCNBYVAYXWD;L;;;100;false;true;;;;;;;;;41.5;36.5;Size;L;;;https://medusa-public-images.s3.eu-west-1.amazonaws.com/black_hoodie_front.png;https://medusa-public-images.s3.eu-west-1.amazonaws.com/black_hoodie_back.png;;;Default Sales Channel;Default Sales Channel;Created by Medusa;Default Sales Channel;Default Sales Channel;Created by Medusa;Default Sales Channel;Default Sales Channel;Created by Medusa;merch;Merch;;hidden-homepage-featured-items;Hidden homepage featured;
prod_01HG614SZJB0D7P7TN578YNDE7;hoodie;Medusa Hoodie;;"Reimagine the feeling of a classic hoodie. With our cotton hoodie, everyday essentials no longer have to be ordinary.";published;https://medusa-public-images.s3.eu-west-1.amazonaws.com/black_hoodie_front.png;400;;;;;;;;;;;;true;;Default Shipping Profile;default;variant_01HG614T0PKTQVWH6G113GFQF9;XL;;;100;false;true;;;;;;;;;41.5;36.5;Size;XL;;;https://medusa-public-images.s3.eu-west-1.amazonaws.com/black_hoodie_front.png;https://medusa-public-images.s3.eu-west-1.amazonaws.com/black_hoodie_back.png;;;Default Sales Channel;Default Sales Channel;Created by Medusa;Default Sales Channel;Default Sales Channel;Created by Medusa;Default Sales Channel;Default Sales Channel;Created by Medusa;merch;Merch;;hidden-homepage-featured-items;Hidden homepage featured;
prod_01HG614SQVJ6BVZ1AYCY9VP47T;t-shirt;Medusa T-Shirt;;"Reimagine the feeling of a classic T-shirt. With our cotton T-shirts, everyday essentials no longer have to be ordinary.";published;https://medusa-public-images.s3.eu-west-1.amazonaws.com/tee-black-front.png;400;;;;;;;;;;;;true;;Default Shipping Profile;default;variant_01HG614SRE8BBCZ8JHC6R778XM;S / Black;;;100;false;true;;;;;;;;;22;19.5;Size;S;Color;Black;https://medusa-public-images.s3.eu-west-1.amazonaws.com/tee-black-front.png;https://medusa-public-images.s3.eu-west-1.amazonaws.com/tee-black-back.png;https://medusa-public-images.s3.eu-west-1.amazonaws.com/tee-white-front.png;https://medusa-public-images.s3.eu-west-1.amazonaws.com/tee-white-back.png;Default Sales Channel;Default Sales Channel;Created by Medusa;Default Sales Channel;Default Sales Channel;Created by Medusa;Default Sales Channel;Default Sales Channel;Created by Medusa;shirts;Shirts;;;;
prod_01HG614SQVJ6BVZ1AYCY9VP47T;t-shirt;Medusa T-Shirt;;"Reimagine the feeling of a classic T-shirt. With our cotton T-shirts, everyday essentials no longer have to be ordinary.";published;https://medusa-public-images.s3.eu-west-1.amazonaws.com/tee-black-front.png;400;;;;;;;;;;;;true;;Default Shipping Profile;default;variant_01HG614SRVR30WJVWNQREWBSVT;S / White;;;100;false;true;;;;;;;;;22;19.5;Size;S;Color;White;https://medusa-public-images.s3.eu-west-1.amazonaws.com/tee-black-front.png;https://medusa-public-images.s3.eu-west-1.amazonaws.com/tee-black-back.png;https://medusa-public-images.s3.eu-west-1.amazonaws.com/tee-white-front.png;https://medusa-public-images.s3.eu-west-1.amazonaws.com/tee-white-back.png;Default Sales Channel;Default Sales Channel;Created by Medusa;Default Sales Channel;Default Sales Channel;Created by Medusa;Default Sales Channel;Default Sales Channel;Created by Medusa;shirts;Shirts;;;;
prod_01HG614SQVJ6BVZ1AYCY9VP47T;t-shirt;Medusa T-Shirt;;"Reimagine the feeling of a classic T-shirt. With our cotton T-shirts, everyday essentials no longer have to be ordinary.";published;https://medusa-public-images.s3.eu-west-1.amazonaws.com/tee-black-front.png;400;;;;;;;;;;;;true;;Default Shipping Profile;default;variant_01HG614SS7WE7MJXADK56FCYTF;M / Black;;;100;false;true;;;;;;;;;22;19.5;Size;Black;Color;M;https://medusa-public-images.s3.eu-west-1.amazonaws.com/tee-black-front.png;https://medusa-public-images.s3.eu-west-1.amazonaws.com/tee-black-back.png;https://medusa-public-images.s3.eu-west-1.amazonaws.com/tee-white-front.png;https://medusa-public-images.s3.eu-west-1.amazonaws.com/tee-white-back.png;Default Sales Channel;Default Sales Channel;Created by Medusa;Default Sales Channel;Default Sales Channel;Created by Medusa;Default Sales Channel;Default Sales Channel;Created by Medusa;shirts;Shirts;;;;
prod_01HG614SQVJ6BVZ1AYCY9VP47T;t-shirt;Medusa T-Shirt;;"Reimagine the feeling of a classic T-shirt. With our cotton T-shirts, everyday essentials no longer have to be ordinary.";published;https://medusa-public-images.s3.eu-west-1.amazonaws.com/tee-black-front.png;400;;;;;;;;;;;;true;;Default Shipping Profile;default;variant_01HG614SSGP1P85488VPNZY3VP;M / White;;;100;false;true;;;;;;;;;22;19.5;Size;M;Color;White;https://medusa-public-images.s3.eu-west-1.amazonaws.com/tee-black-front.png;https://medusa-public-images.s3.eu-west-1.amazonaws.com/tee-black-back.png;https://medusa-public-images.s3.eu-west-1.amazonaws.com/tee-white-front.png;https://medusa-public-images.s3.eu-west-1.amazonaws.com/tee-white-back.png;Default Sales Channel;Default Sales Channel;Created by Medusa;Default Sales Channel;Default Sales Channel;Created by Medusa;Default Sales Channel;Default Sales Channel;Created by Medusa;shirts;Shirts;;;;
prod_01HG614SQVJ6BVZ1AYCY9VP47T;t-shirt;Medusa T-Shirt;;"Reimagine the feeling of a classic T-shirt. With our cotton T-shirts, everyday essentials no longer have to be ordinary.";published;https://medusa-public-images.s3.eu-west-1.amazonaws.com/tee-black-front.png;400;;;;;;;;;;;;true;;Default Shipping Profile;default;variant_01HG614SSRRAEBF9RQD5G7AC2G;L / Black;;;100;false;true;;;;;;;;;22;19.5;Size;Black;Color;L;https://medusa-public-images.s3.eu-west-1.amazonaws.com/tee-black-front.png;https://medusa-public-images.s3.eu-west-1.amazonaws.com/tee-black-back.png;https://medusa-public-images.s3.eu-west-1.amazonaws.com/tee-white-front.png;https://medusa-public-images.s3.eu-west-1.amazonaws.com/tee-white-back.png;Default Sales Channel;Default Sales Channel;Created by Medusa;Default Sales Channel;Default Sales Channel;Created by Medusa;Default Sales Channel;Default Sales Channel;Created by Medusa;shirts;Shirts;;;;
prod_01HG614SQVJ6BVZ1AYCY9VP47T;t-shirt;Medusa T-Shirt;;"Reimagine the feeling of a classic T-shirt. With our cotton T-shirts, everyday essentials no longer have to be ordinary.";published;https://medusa-public-images.s3.eu-west-1.amazonaws.com/tee-black-front.png;400;;;;;;;;;;;;true;;Default Shipping Profile;default;variant_01HG614ST1AMWGPN3248R87C6X;L / White;;;100;false;true;;;;;;;;;22;19.5;Size;L;Color;White;https://medusa-public-images.s3.eu-west-1.amazonaws.com/tee-black-front.png;https://medusa-public-images.s3.eu-west-1.amazonaws.com/tee-black-back.png;https://medusa-public-images.s3.eu-west-1.amazonaws.com/tee-white-front.png;https://medusa-public-images.s3.eu-west-1.amazonaws.com/tee-white-back.png;Default Sales Channel;Default Sales Channel;Created by Medusa;Default Sales Channel;Default Sales Channel;Created by Medusa;Default Sales Channel;Default Sales Channel;Created by Medusa;shirts;Shirts;;;;
prod_01HG614SQVJ6BVZ1AYCY9VP47T;t-shirt;Medusa T-Shirt;;"Reimagine the feeling of a classic T-shirt. With our cotton T-shirts, everyday essentials no longer have to be ordinary.";published;https://medusa-public-images.s3.eu-west-1.amazonaws.com/tee-black-front.png;400;;;;;;;;;;;;true;;Default Shipping Profile;default;variant_01HG614STBM6BB9H0SN18ZQNEC;XL / Black;;;100;false;true;;;;;;;;;22;19.5;Size;XL;Color;Black;https://medusa-public-images.s3.eu-west-1.amazonaws.com/tee-black-front.png;https://medusa-public-images.s3.eu-west-1.amazonaws.com/tee-black-back.png;https://medusa-public-images.s3.eu-west-1.amazonaws.com/tee-white-front.png;https://medusa-public-images.s3.eu-west-1.amazonaws.com/tee-white-back.png;Default Sales Channel;Default Sales Channel;Created by Medusa;Default Sales Channel;Default Sales Channel;Created by Medusa;Default Sales Channel;Default Sales Channel;Created by Medusa;shirts;Shirts;;;;
prod_01HG614SQVJ6BVZ1AYCY9VP47T;t-shirt;Medusa T-Shirt;;"Reimagine the feeling of a classic T-shirt. With our cotton T-shirts, everyday essentials no longer have to be ordinary.";published;https://medusa-public-images.s3.eu-west-1.amazonaws.com/tee-black-front.png;400;;;;;;;;;;;;true;;Default Shipping Profile;default;variant_01HG614STNC16DBE38VQ95TM1B;XL / White;;;100;false;true;;;;;;;;;22;19.5;Size;XL;Color;White;https://medusa-public-images.s3.eu-west-1.amazonaws.com/tee-black-front.png;https://medusa-public-images.s3.eu-west-1.amazonaws.com/tee-black-back.png;https://medusa-public-images.s3.eu-west-1.amazonaws.com/tee-white-front.png;https://medusa-public-images.s3.eu-west-1.amazonaws.com/tee-white-back.png;Default Sales Channel;Default Sales Channel;Created by Medusa;Default Sales Channel;Default Sales Channel;Created by Medusa;Default Sales Channel;Default Sales Channel;Created by Medusa;shirts;Shirts;;;;
prod_01HG614T0XX13FH47M5B64YXY5;longsleeve;Medusa Longsleeve;;"Reimagine the feeling of a classic longsleeve. With our cotton longsleeve, everyday essentials no longer have to be ordinary.";published;https://medusa-public-images.s3.eu-west-1.amazonaws.com/ls-black-front.png;400;;;;;;;;;;;;true;;Default Shipping Profile;default;variant_01HG614T16H7JWMYMK7PTYW9P9;S;;;100;false;true;;;;;;;;;41.5;36.5;Size;S;;;https://medusa-public-images.s3.eu-west-1.amazonaws.com/ls-black-front.png;https://medusa-public-images.s3.eu-west-1.amazonaws.com/ls-black-back.png;;;Default Sales Channel;Default Sales Channel;Created by Medusa;Default Sales Channel;Default Sales Channel;Created by Medusa;Default Sales Channel;Default Sales Channel;Created by Medusa;shirts;Shirts;;hidden-homepage-featured-items;Hidden homepage featured;
prod_01HG614T0XX13FH47M5B64YXY5;longsleeve;Medusa Longsleeve;;"Reimagine the feeling of a classic longsleeve. With our cotton longsleeve, everyday essentials no longer have to be ordinary.";published;https://medusa-public-images.s3.eu-west-1.amazonaws.com/ls-black-front.png;400;;;;;;;;;;;;true;;Default Shipping Profile;default;variant_01HG614T1CDKMF027AJPHS6W45;M;;;100;false;true;;;;;;;;;41.5;36.5;Size;M;;;https://medusa-public-images.s3.eu-west-1.amazonaws.com/ls-black-front.png;https://medusa-public-images.s3.eu-west-1.amazonaws.com/ls-black-back.png;;;Default Sales Channel;Default Sales Channel;Created by Medusa;Default Sales Channel;Default Sales Channel;Created by Medusa;Default Sales Channel;Default Sales Channel;Created by Medusa;shirts;Shirts;;hidden-homepage-featured-items;Hidden homepage featured;
prod_01HG614T0XX13FH47M5B64YXY5;longsleeve;Medusa Longsleeve;;"Reimagine the feeling of a classic longsleeve. With our cotton longsleeve, everyday essentials no longer have to be ordinary.";published;https://medusa-public-images.s3.eu-west-1.amazonaws.com/ls-black-front.png;400;;;;;;;;;;;;true;;Default Shipping Profile;default;variant_01HG614T1J5G6W7667STZWVHRF;L;;;100;false;true;;;;;;;;;41.5;36.5;Size;L;;;https://medusa-public-images.s3.eu-west-1.amazonaws.com/ls-black-front.png;https://medusa-public-images.s3.eu-west-1.amazonaws.com/ls-black-back.png;;;Default Sales Channel;Default Sales Channel;Created by Medusa;Default Sales Channel;Default Sales Channel;Created by Medusa;Default Sales Channel;Default Sales Channel;Created by Medusa;shirts;Shirts;;hidden-homepage-featured-items;Hidden homepage featured;
prod_01HG614T0XX13FH47M5B64YXY5;longsleeve;Medusa Longsleeve;;"Reimagine the feeling of a classic longsleeve. With our cotton longsleeve, everyday essentials no longer have to be ordinary.";published;https://medusa-public-images.s3.eu-west-1.amazonaws.com/ls-black-front.png;400;;;;;;;;;;;;true;;Default Shipping Profile;default;variant_01HG614T1QCF44JB9D55NYK7ES;XL;;;100;false;true;;;;;;;;;41.5;36.5;Size;XL;;;https://medusa-public-images.s3.eu-west-1.amazonaws.com/ls-black-front.png;https://medusa-public-images.s3.eu-west-1.amazonaws.com/ls-black-back.png;;;Default Sales Channel;Default Sales Channel;Created by Medusa;Default Sales Channel;Default Sales Channel;Created by Medusa;Default Sales Channel;Default Sales Channel;Created by Medusa;shirts;Shirts;;hidden-homepage-featured-items;Hidden homepage featured;
prod_01HG614T1XD9RWJX3ESKPJ8ZGV;coffee-mug;Medusa Coffee Mug;;Every programmer's best friend.;published;https://medusa-public-images.s3.eu-west-1.amazonaws.com/coffee-mug.png;400;;;;;;;;;;;;true;;Default Shipping Profile;default;variant_01HG614T22GAQ8BG6F2DREWWE5;One Size;;;98;false;true;;;;;;;;;12;10;Size;One Size;;;https://medusa-public-images.s3.eu-west-1.amazonaws.com/coffee-mug.png;;;;Default Sales Channel;Default Sales Channel;Created by Medusa;Default Sales Channel;Default Sales Channel;Created by Medusa;Default Sales Channel;Default Sales Channel;Created by Medusa;merch;Merch;;hidden-homepage-featured-items;Hidden homepage featured;
prod_01HG614STXMGSM4VB3HSRDMHEJ;sweatshirt;Medusa Sweatshirt;;"Reimagine the feeling of a classic sweatshirt. With our cotton sweatshirt, everyday essentials no longer have to be ordinary.";published;https://medusa-public-images.s3.eu-west-1.amazonaws.com/sweatshirt-vintage-front.png;400;;;;;;;;;;;;true;;Default Shipping Profile;default;variant_01HG614SV8R6QRRF3B6ESAHCFH;S;;;66;false;true;;;;;;;;;33.5;29.5;Size;S;;;https://medusa-public-images.s3.eu-west-1.amazonaws.com/sweatshirt-vintage-front.png;https://medusa-public-images.s3.eu-west-1.amazonaws.com/sweatshirt-vintage-back.png;;;Default Sales Channel;Default Sales Channel;Created by Medusa;Default Sales Channel;Default Sales Channel;Created by Medusa;Default Sales Channel;Default Sales Channel;Created by Medusa;shirts;Shirts;;;;
prod_01HG614STXMGSM4VB3HSRDMHEJ;sweatshirt;Medusa Sweatshirt;;"Reimagine the feeling of a classic sweatshirt. With our cotton sweatshirt, everyday essentials no longer have to be ordinary.";published;https://medusa-public-images.s3.eu-west-1.amazonaws.com/sweatshirt-vintage-front.png;400;;;;;;;;;;;;true;;Default Shipping Profile;default;variant_01HG614SVGA075G53V11D8VZR5;M;;;100;false;true;;;;;;;;;33.5;29.5;Size;M;;;https://medusa-public-images.s3.eu-west-1.amazonaws.com/sweatshirt-vintage-front.png;https://medusa-public-images.s3.eu-west-1.amazonaws.com/sweatshirt-vintage-back.png;;;Default Sales Channel;Default Sales Channel;Created by Medusa;Default Sales Channel;Default Sales Channel;Created by Medusa;Default Sales Channel;Default Sales Channel;Created by Medusa;shirts;Shirts;;;;
prod_01HG614STXMGSM4VB3HSRDMHEJ;sweatshirt;Medusa Sweatshirt;;"Reimagine the feeling of a classic sweatshirt. With our cotton sweatshirt, everyday essentials no longer have to be ordinary.";published;https://medusa-public-images.s3.eu-west-1.amazonaws.com/sweatshirt-vintage-front.png;400;;;;;;;;;;;;true;;Default Shipping Profile;default;variant_01HG614SVQEQH7G157MV3J2JFT;L;;;100;false;true;;;;;;;;;33.5;29.5;Size;L;;;https://medusa-public-images.s3.eu-west-1.amazonaws.com/sweatshirt-vintage-front.png;https://medusa-public-images.s3.eu-west-1.amazonaws.com/sweatshirt-vintage-back.png;;;Default Sales Channel;Default Sales Channel;Created by Medusa;Default Sales Channel;Default Sales Channel;Created by Medusa;Default Sales Channel;Default Sales Channel;Created by Medusa;shirts;Shirts;;;;
prod_01HG614STXMGSM4VB3HSRDMHEJ;sweatshirt;Medusa Sweatshirt;;"Reimagine the feeling of a classic sweatshirt. With our cotton sweatshirt, everyday essentials no longer have to be ordinary.";published;https://medusa-public-images.s3.eu-west-1.amazonaws.com/sweatshirt-vintage-front.png;400;;;;;;;;;;;;true;;Default Shipping Profile;default;variant_01HG614SW0DT2SBQQ3S3BSAR0W;XL;;;100;false;true;;;;;;;;;33.5;29.5;Size;XL;;;https://medusa-public-images.s3.eu-west-1.amazonaws.com/sweatshirt-vintage-front.png;https://medusa-public-images.s3.eu-west-1.amazonaws.com/sweatshirt-vintage-back.png;;;Default Sales Channel;Default Sales Channel;Created by Medusa;Default Sales Channel;Default Sales Channel;Created by Medusa;Default Sales Channel;Default Sales Channel;Created by Medusa;shirts;Shirts;;;;
